crime_rate,police_per_10k,population_thousands,poverty_rate,unemployment_rate,young_male_share,downtown,municipal_budget,police_grant,academy_distance,historical_station_density
42.72255817784546,27.12302958451504,212.8174918212663,10.995826071953532,6.615909769178566,0.09494332700624747,0,11.425333506083959,0,16.270042096286087,2.9408057325307277
54.689090988933984,21.195675032041862,223.1399728868208,15.849699377733147,12.158886977279584,0.12263733930595479,0,10.108455207570504,0,18.92364117815602,1.9505258487531936
33.924861669784775,33.33626114546103,45.486687026250856,5.561414446292986,8.260975336453745,0.09080227679297816,1,11.342358954149065,1,8.998190181795614,1.7522970996580496
49.836608761353325,23.75677864874059,146.34624530337453,15.624486589441407,8.467484795502,0.12901263253215867,0,7.325812247049157,0,18.881880981634367,1.2474348351664295
50.09718324422916,24.47526953197868,86.56034021971789,8.818709704208297,7.532663776333058,0.14411467979752454,0,8.23591609375606,1,22.629606564620502,2.0033621238511157
35.199443321813284,19.490259158103242,175.89380163366698,12.20202661132384,8.024475301848776,0.1192818243474494,0,13.053223743980709,0,42.385843590395226,0.5161266510120128
63.14340227396249,29.033223061403483,102.39297940880479,21.350287157313005,7.546657919142736,0.09199263672999924,1,9.273152594495745,0,12.592526336057826,1.6404911081877245
52.79092077966706,16.347393432631335,65.09710989334383,14.764881860495944,5.565813630421179,0.11555426435385913,0,7.559043315141174,0,27.961879845085626,1.4700770356265103
56.70105153941236,22.8139445661904,73.12737066693525,18.316163296562166,5.7280988990808765,0.1702631072415408,0,7.781441506006596,1,10.609037006588336,1.685041106094369
47.2633854396108,28.899704724351125,202.53023869725482,24.8044421018123,9.640182183141398,0.11320969179457552,0,10.543775696561507,1,22.643660407533687,1.9831312223100055
54.82169609286217,24.600059716068966,108.45346513431511,15.535866788934037,11.030598921974276,0.09993343700887479,0,10.346787093980707,1,28.73676357660883,1.4410683860025306
42.55301965282931,25.211547317615885,247.13533846084025,13.013703018092365,9.418877956907966,0.1346737067658497,0,12.088181021375572,1,24.829333230995243,2.0631914169146013
66.4375836140805,33.89138073166893,102.35197869346273,28.785993786736622,9.910932540595796,0.09636813797116714,1,9.84296560456812,1,16.56536895812572,0.8481300976501329
35.122724586087884,27.46142279677451,177.86047146113987,11.225038140790785,6.750585440124677,0.10769906028801648,1,11.417456956154862,0,23.42978730069044,2.38565977795204
71.01356435202644,26.425732631583397,83.2807541279958,24.78458885576255,9.853827166352334,0.1670524777336254,0,10.011126798824408,1,16.569405243153653,1.326931646543205
63.52760717012616,26.5213500708881,64.96290580126364,16.932613680257695,9.72028839758384,0.09153073380842597,0,9.268898405269077,0,13.166303858707185,1.6308387158343403
37.10816354491697,18.566684897237266,219.39183683189728,7.161595399537243,9.975229765910413,0.11269831281967477,0,9.922221800680385,0,17.350766596112614,1.8867426901768223
70.36751248566931,35.03233760303061,21.75153347226572,25.488665465714988,10.126639689448494,0.12121565085588587,1,7.65647134580214,1,13.379272979058573,2.231975477143385
66.64146276044633,27.90357617619358,114.51507164357709,16.625291635904368,9.08008225861256,0.1608188741089558,1,8.24538910957538,0,13.70337413953415,1.5980228532137253
54.05258265281956,23.88086321499081,141.21883102996438,16.76171221888338,8.48774036024268,0.14165965380211118,0,7.965416317956172,1,31.192749971097296,1.2279471814328655
59.25377524539424,27.821343199252937,156.0399043633102,16.34092622621648,7.085709101743506,0.10870585726942539,1,11.326069980852344,1,20.36525488694789,1.4635778119663705
39.92540399547933,25.517519392767426,150.76176860257712,11.469560257024307,8.36680507273624,0.11296630436244967,1,11.429666590908358,0,20.536990236874626,1.7832786613213867
38.71461576035583,17.792396957471173,161.27423986601966,3.0,6.239906690781665,0.09849487821205766,0,11.097245988125715,0,24.58837418735996,2.330360511881234
41.49369989286749,29.176088981790592,161.56592635888086,10.390913028774946,12.018944527548376,0.12633154738484703,0,9.898964637634432,1,20.14792229222511,1.8300946043147577
45.40209286250209,24.507642169934577,214.95728140899377,17.13853726631596,8.458136873483223,0.0933379337209152,0,10.42273285433852,0,17.322563243965945,2.5307667741522977
50.66228447797212,23.342152919653667,168.24745762058998,11.913073933871345,12.248762603340133,0.08920918500601596,0,11.270322749553234,0,26.269760166934862,0.988879863030609
56.01665375305818,34.31570807600395,204.19266750839012,17.78999653265922,9.927196086445592,0.14266900544786726,1,10.557342295882682,0,29.048714624513707,2.2536758355402418
71.07668756771163,41.17314066916593,17.632427043540268,36.40091122792346,11.938458218397086,0.14534192989853464,1,10.566193671185959,1,14.47743225939099,2.2716848646027534
53.2629789046755,32.51004299060217,24.147647665220475,17.472999648163256,11.896975609237288,0.12260293340004252,1,9.348916060083983,0,11.800750324745849,1.8110558376383652
42.68314958673602,22.53857567678108,235.8478021515924,10.092521328916071,9.260461971568194,0.14438924834674954,0,10.048869872649277,0,35.55008591760111,2.0239592170057112
46.223334441109564,24.860997377046356,169.61122364883286,7.650760365436945,9.603908864784746,0.1150231093593272,0,10.308913988206355,0,9.755594112079162,2.1927843462327457
40.408923923175266,26.480742124495183,235.76261905093818,15.542688879472983,11.76764536954678,0.11982268805870042,0,11.814457120106029,0,20.22888477246505,2.2232905803094165
55.18964583069129,35.320565430050664,57.95370192056168,17.707290480190313,10.833775438456684,0.14041178368329993,1,10.10671292411983,1,18.38186714349884,1.9951813341614997
67.09837716571377,24.04253801025205,93.50818946710375,20.17925113688497,10.931420216811736,0.11983434327953087,0,10.109095514735424,0,20.152736641466863,1.6172296211749209
61.51672216560573,33.88596745995362,152.1818214292875,21.11940451280552,11.611170313298265,0.1438446037667959,1,10.49012368749614,0,23.45092465653434,2.0378037602525825
40.63524814042831,24.19257232584596,70.22502235628926,13.970095461713026,5.712154663416838,0.06,0,6.207156051459194,1,11.374975356366635,1.4139770071359008
56.68340229428353,29.774850638585026,152.69343446533367,13.00041814670999,9.305119862441487,0.15430170391359518,1,11.21165015031563,0,20.467682087244373,2.0923297225023916
45.779765826775005,17.27931847675097,146.2140046199065,4.24562773111545,5.942881463039042,0.17444926472172925,0,11.58270998573613,1,22.159620014872832,1.4077485172563535
37.745474601852045,21.030385138655742,46.08415128853213,3.057508424367944,8.37475126684763,0.1340095785470719,1,7.9070824603749905,0,17.27115323041437,2.6317441962535084
60.86520799304486,28.66831823774354,76.099476137758,16.347739397157042,13.304031876092129,0.12703404611693744,1,8.710765511504482,0,14.525541160021282,2.349681050203007
38.99438231565801,17.080225461399476,38.535183545786495,3.0,8.045935298971806,0.11507008774201201,0,7.7024972809719,0,16.7816900980118,0.888843705183914
51.538437955393626,28.73828369960969,132.06161511997462,20.0709954914386,12.598896095107435,0.1730340556926379,0,11.425592865297158,0,22.218173853050985,0.9084698905466738
36.071412317713786,30.611841534865285,88.86078677547054,6.229758384743654,4.571026375167413,0.11853709250305662,1,11.594045152668514,1,13.225525987952953,1.7895097897532146
43.92617652868726,23.393850387926996,22.712478977219224,21.840356684335585,8.43021180572313,0.10056727732590531,0,8.386007791235052,1,23.087526934486192,1.1596903652152357
51.98233289700083,27.294873544561117,146.5793229231179,22.302222359667496,10.438200136353275,0.11531905145578591,0,7.302874331202958,0,18.93035736707145,1.6209740822491714
40.80301766212543,23.22362700764343,165.49664512990296,7.244444696495773,5.878452009129763,0.06251924693960782,1,13.509046579385846,0,21.0360729420087,1.863624652817882
52.291049573717764,23.595439417041426,187.6358792827241,14.961878873107104,9.133632564915173,0.09175185757854737,0,9.556780158954288,1,17.20073451531374,1.4192528635719164
56.60464301880656,29.189419444588864,105.39306341850046,16.146871650470153,8.08388375188824,0.10103140356946039,0,12.081877296350672,1,18.47598683071583,2.016733438424551
72.17246429753982,26.159294402897167,194.06159542986393,18.917932123415095,10.837975130475934,0.09344056993209601,0,12.231581591200555,1,26.06349990206293,1.3162699524336734
28.15040346564529,23.04563511191912,196.77229920599143,3.3873567310666406,7.535460287164045,0.08727138837465384,0,13.223433406034394,1,25.179033411147877,1.0610763504510126
48.411930633528854,29.801475134233335,166.77836913334397,14.402300804363517,6.771832624707287,0.1743521689447892,1,11.490671736324705,0,24.94993652806786,3.188249075255362
67.02249635971548,30.591845215022072,133.6294249700024,12.433300156177182,9.763944074312956,0.14794156693896038,1,10.46733439293165,0,16.238392344388625,2.5089315638425163
47.00132817163524,16.854195801058303,189.5309238341633,8.655207426843608,7.293574220226303,0.09621507313864913,0,8.02973670022468,0,24.073031991041283,1.756655947260162
57.57831198404427,26.50795267754375,105.0538097890378,14.904988767360692,9.664613208297382,0.18703708539880062,0,8.391792659247013,0,20.97275003086779,1.3868687852414692
51.0968408740124,32.81896560475175,244.9514768562887,8.497162706065033,15.267253791216751,0.14755404216729145,1,11.43599737745985,0,10.219649454737594,3.206361767479606
47.02900202357359,23.820900758511748,225.5067323248494,12.397549116819373,7.395188618603364,0.1610878251548595,0,12.006661231082699,0,24.538737910373612,1.2964168833473566
61.65861818048594,27.170832844096182,62.86031082615128,18.256133882506234,8.667697281126369,0.14117083081497142,0,8.349544550511068,1,22.91384301786854,0.4581005393123372
52.201909334475,31.88709040512935,115.36738851623429,26.02641992047831,14.06538567708122,0.10911134205955239,0,7.249422553256416,0,18.028271163052207,1.462537188646742
55.011691371323586,24.375312099298224,236.8190049537065,17.706891260786573,9.204425517551797,0.10991745799287676,0,8.94804632290287,0,24.634618249266023,2.652669608468212
72.05956730822186,26.59536034295801,166.3337893127212,14.265690042640323,9.735504335435518,0.12897983574211486,0,9.875477907339363,1,19.71023052798389,1.7818073605103921
40.15158004185818,35.58123055034964,62.269465464122064,11.6688303708566,9.812264060870351,0.12093684834925142,1,12.22804044382026,1,27.86318846843816,1.7629725760343646
69.64030904829372,30.420146511741873,177.05777250055323,21.04243700515724,9.812628928635403,0.10310652879902123,1,10.525079811368135,1,23.953297612245578,2.726901095920704
63.257608542318934,23.685806538897545,31.86242845545673,18.69552994266715,5.647232381759066,0.1523562192987323,0,10.213400272679658,0,20.54796048742275,0.8544490816752286
42.43865761307118,24.558917399871895,161.92300514883706,17.039509296571296,7.411817401276278,0.08581162646270424,0,11.356144946966754,1,32.11300811173891,1.5733625830695384
58.03628830856124,25.020587768182327,189.44650259392012,20.19202742546642,6.906439225334507,0.11590817842406592,0,13.601266700909205,1,27.742501159589253,2.0337926836521896
83.69002935567485,23.559814688912248,140.4449162324374,20.273931622371695,11.543845169208465,0.0916638268574759,0,8.285556916896766,0,20.660639665083753,2.0219535283432992
52.63643627994476,27.245728124767428,17.90285606976668,15.523582821992331,8.526569573901362,0.13059031384673397,1,10.162437325064234,1,15.881739963881044,1.446414515837477
71.13131041103713,25.423996445228042,124.76090992005851,15.535297854379127,12.103172724082635,0.10778803214194849,0,12.167184937990392,0,23.212403763945062,1.339117140298222
44.58002094440142,36.147601080473564,125.19668138476587,23.66533685554571,6.117242734319521,0.10930758416272388,1,10.907380888384731,1,15.151919872728483,2.628094325184977
56.89528319859517,28.042684567842812,150.57553414164587,18.088498232855958,8.173677890596743,0.14480331612274977,0,12.049708600545516,0,16.409625272616857,1.5416307441301385
48.226826398964484,30.880683477509976,181.55138123961387,12.59857464469777,10.051374874683688,0.15792301765294067,1,9.969881213778027,0,22.404139975872408,2.0709730037374383
46.279727805056154,37.12003170064131,190.30113953018235,15.337688214921661,10.22405301255053,0.14239319215063032,1,13.359995029267829,0,19.219232240754618,2.0752901064259444
50.807532047532355,26.2884836162446,112.72572747913408,17.23924639107714,7.28918573921449,0.12734025540691205,0,9.748727457671325,0,22.230092890126535,1.0260960106746593
57.27820368276499,25.31620966519978,233.63158059138235,18.181798475613572,11.41900305030057,0.134407330385127,0,10.56373411504163,1,18.932030529320556,1.6661857001092206
38.28438029345757,25.660087570653562,25.6449654843617,14.988668015938547,10.950896545396148,0.1015190612308593,0,9.111762668574894,0,24.268972817364784,1.0869845209249642
35.67991777261377,26.12794375252634,148.60150480294834,8.232102281035944,9.542956712261914,0.11898365778431669,0,10.94816986812857,1,20.70814168277474,1.4998538677733477
74.3575157714558,35.70186675480977,99.84927137568557,27.371915868561157,14.236268161076476,0.1404572329467464,1,11.854895160217417,0,24.187474051837363,2.0493108783444303
68.39603588506434,31.86506594208297,131.44789843455396,20.345061508553066,7.955417184653294,0.12298052745096588,1,12.347380929046118,0,15.007527306415247,2.0331662363084404
44.649800136665,22.02359821643757,170.48852179703732,8.260445812965454,4.676999638963149,0.15224966407903268,0,12.878402796710553,1,14.748404932724359,1.868309381551402
55.22189510692592,33.10686260537789,93.71691994238576,13.19755403909642,8.189804022328326,0.155982989594327,1,8.810928355408581,1,11.211718672393577,2.4008584357406226
45.61652277983132,29.673151832647562,57.06894499647816,19.24611244088404,9.379511016937489,0.10848905987497233,0,9.452625537286156,1,28.32319960090244,0.7524496831650664
63.60367608903998,30.97018753392257,133.3366184879377,24.12730130706852,11.896706790257255,0.12485924109680895,0,10.630179953675196,0,8.541264127689379,2.4049457300865678
62.70743702286681,30.106430955132662,247.56305473699942,16.169224428196685,9.867466753383825,0.15426448951346228,1,9.18169864473962,0,22.541175596959135,2.8335347836879183
56.001338934627384,27.987382309080235,203.4268670761187,21.368270907395114,7.732975637070471,0.12194716334120752,0,9.831137060551374,0,15.93586446455546,2.2986070316673963
75.1572342181706,26.672032250348888,72.3340233170442,18.806982472694173,10.788033500987094,0.12205908769148043,0,7.254964065223268,1,18.951536120291085,1.3132060965376189
59.633201931493126,31.0327650832794,208.55082415088395,27.0576853061904,10.413204506316704,0.12933298308022692,0,9.598396226370589,0,14.507667913259395,1.7907099808607012
78.49075347968571,34.396974053664536,114.60846817521964,17.492709093421855,10.57362259741457,0.15746089980073694,1,10.035066703656042,0,11.612469083548808,2.5270687531006186
44.96346719139922,23.672686151639578,57.392095923005016,6.18935142034357,5.7439528353674785,0.12515657529822755,1,8.6161293136832,0,20.355946019816507,2.0760517545548423
58.216433477713764,19.37340755252502,114.19251377701177,20.094976793685294,8.217535387112356,0.08955567897433747,0,9.319183214960772,0,31.56441726032243,1.8127426085707516
26.25471459186126,30.802726783192057,104.25352894582078,3.0,6.589684761741601,0.07741791371026152,1,12.012163429575525,1,15.713288168170244,2.2384008053415685
57.74286181239187,28.939500696358934,138.76654934561347,24.57227798443503,9.722590331596448,0.10077675840383078,0,8.696778633609389,0,33.25581530879623,1.2551256252104153
46.9894187895933,28.972010687322484,126.21431156980204,11.200912258405438,13.08922990143685,0.11522912857384272,1,9.587419106227465,0,24.83047019213157,0.9073397829998082
54.40290284626609,23.81650665367539,166.66402924071076,21.441399524548846,7.829553344301042,0.12065098757081466,0,10.274255777731229,0,24.289950062205218,1.6137476188875346
56.58163602917568,26.28627063632162,183.08468585436688,10.02335667988974,7.270624167909886,0.103448354366872,1,10.59184179116639,0,20.62418244710409,1.946494045261439
58.46909609500236,27.164089683769742,230.56950969973954,13.556575546107316,5.592299414879003,0.13937274233536284,1,11.569571647810214,0,15.829384544477499,3.1795815219413672
49.26583677533972,29.780039936001874,167.62168191839388,13.637120419852442,11.858390279639583,0.11485761395589036,1,13.591195038399185,0,24.071725168044605,1.871477602368486
46.58834930353828,25.922586750776823,104.98759406340058,11.091132319578744,11.216952448568508,0.15349285647307886,0,11.168332804739372,0,23.978158878403427,1.4386695204409266
77.46886021056649,30.868477980408283,244.4749598080467,19.015602059572327,13.41646804003133,0.13030474967924274,0,11.806292838341696,1,19.021449583008298,2.406803368334285
68.33673903911077,40.1404681643588,120.11946649654718,27.171578383697188,8.404308671210758,0.09160711535831213,1,10.508861914204825,1,16.37040509250952,3.531527379783889
49.07834867937117,23.487873012969644,218.43489968740292,11.273164140595501,7.119294722448626,0.14610729791480903,0,12.460613634430754,0,26.78830437773703,1.926616107152149
55.94768173492115,29.07185001038859,44.04341855065299,19.8426932714499,11.76231256562178,0.13907739575312086,0,12.05154172835898,1,24.361170585145686,0.9207152204817225
56.207987334064946,26.155668135511647,230.92708899835446,6.545230489520707,7.970709902640708,0.1457045308759999,1,12.318009411385203,0,21.657271942080982,2.532499363370253
52.0973668275009,21.885244473297206,214.8580083512243,14.59302311862432,10.769999045473927,0.14888395803598595,0,9.251625569415161,1,33.50240130014188,1.520453121763873
43.17403402848615,22.8634026866488,191.62521164715784,15.324115060196746,8.630996002157517,0.12182027051717656,0,11.623253622694536,0,36.15954594703643,0.9698403158537543
56.81452096211599,19.600947993731427,128.699214134876,13.041074171530656,8.958752911595386,0.12186372803033307,0,8.124383162788007,0,20.915427664731254,1.3681068027728522
53.578448127404315,29.061828084592314,217.496234619802,17.954369808025074,6.865547596662031,0.16257254438090762,0,10.084475546952287,1,21.044538703519073,0.6543489671081919
57.0302050798971,24.279167018398706,94.50734618570591,14.146757009835635,7.518783991395171,0.1073242960014428,1,7.200688445625392,1,20.57595093497754,2.1938627252895317
58.559508550857046,30.47579535072809,28.151179671049057,18.054131001375158,7.889054154807483,0.1170615038145874,1,9.22185715025072,0,14.650015028072241,1.0572042128207029
74.3019054827069,31.383735463899832,242.375079038217,22.40558195773166,10.220600583452839,0.12124812149784549,1,12.607162801184424,1,25.702774178012874,2.1304840005454766
55.237988542497,27.807690605300593,209.9649632475216,20.25164951202806,8.701682890446857,0.12573093642587324,0,12.270549294053897,0,22.7231093502829,1.9153053598323473
33.60990277773457,35.80892249659966,31.775332022335803,18.412475185465734,9.363565132971624,0.13728290481084057,1,9.201150013697866,1,6.161614807882515,3.096759445822067
39.43148431459963,25.64480549775885,226.81332396788935,13.270624536994566,10.074541161228032,0.11157385420586254,0,10.649204746545937,0,20.863752876858683,1.6557859394335386
40.86935957860008,33.27672138824853,194.1682884916863,11.166437235098915,8.723808153243736,0.12904592396459516,1,12.71599927965846,1,16.90179538364616,2.348186252528109
62.96382306597038,31.757102479514586,80.91486777770905,22.90879769731172,8.586475572362987,0.15023807757797358,0,8.482601138473775,1,16.554764152061175,2.110036712392907
54.79757220584753,27.591130256641904,18.249594883879944,15.974109876832983,12.396309563929389,0.13545161551915505,0,9.197003634610683,1,15.727428373804358,1.3256618476332445
66.43350401237876,30.817156272689818,180.62868574493615,16.76415181810942,11.064838202745841,0.09792600903693957,1,8.863114693539348,1,17.973465965650384,1.9226330027992418
59.511983970308506,21.4353682829805,134.05566358612913,13.548143964116292,10.011200661186887,0.16591083920284744,0,10.625175379124466,0,25.22315047739955,1.2404797540643784
57.216399888283036,23.3873155673988,74.57984258837459,19.323650425216936,9.059142495125288,0.1007928145260745,0,9.622841098052616,1,32.06233786552568,0.9081670817621449
36.95754202437599,24.308520090279387,51.23802293431684,15.039073775605749,8.641162561511905,0.0994787831225084,0,5.582886553768249,1,16.107044155103214,1.57711210780172
74.92563116769911,26.94930255232852,191.56334422624423,18.286118642224285,6.824977460885767,0.14394401310559496,1,10.953729170329428,1,28.558243054233614,1.6221799570857969
68.1537390090107,28.27366178431884,65.40236658568614,24.001675780245233,8.58289096512851,0.16858057486419817,0,11.320715422895251,0,25.914636256617687,0.3830456627640312
47.41524966352812,30.007420529987286,81.20399642493288,16.293201004860006,10.077170515231026,0.13625958145220207,0,10.354336213377408,0,18.82273054589511,0.9372946323550824
55.802060865153884,26.022952364760876,71.56269593017204,11.117932110596437,9.308606417215609,0.12139866145129304,1,8.871004914719448,1,17.694571352206335,1.5263349885048734
35.464848631563285,25.191875388735774,162.46632888093419,8.099117648343949,6.733011567159658,0.1381111212288989,1,12.40969816075789,1,15.143472607467949,2.2329686264469397
48.76159188536606,17.837599418815174,76.48842536914806,6.9558357676026965,9.696219237853246,0.1318916650953475,0,6.857444907624589,0,27.901345657179235,1.2281757497187729
63.194999234674036,31.66461879731426,86.89435211891688,10.20381118319944,11.105231714256297,0.1535615200001148,1,11.05510767161825,0,1.0,2.25197539774646
29.228002208859763,27.840860684305763,191.65165163955652,3.0,7.228910825737518,0.13285957396100279,1,12.79985220229569,1,20.751201012866353,2.5496038902191254
60.5573516574839,32.868067421220374,187.3046478641704,17.832141150856014,9.934470042449144,0.09705158559397295,1,10.036895703619,1,25.116708702020823,1.8153626001054715
49.13618436507711,16.640968580855414,26.54079748547778,7.726722486677023,11.09293732748343,0.1366197048220793,0,5.7388892954823545,0,19.65941709297058,0.34241839830596754
37.79149608831213,30.22193299960195,209.43657393200075,11.734165969843726,10.699701512905227,0.11787416368891844,0,9.675373728788898,0,22.88139929113846,2.131591560048643
28.158201957918877,23.385861752877947,209.3969957449098,12.27444804341437,7.196818058330879,0.08832568596192061,0,12.96044565948124,0,16.586914630347877,2.6280152149728675
62.35396075685523,29.640372632852678,37.29765282739736,14.364961395522391,9.754246720749666,0.17534362505217047,1,8.327435161158434,1,28.073789697673607,1.2736640148873617
86.60679772065825,23.820556588942534,128.83273891100913,24.843439052591073,11.954482285621864,0.1605310272715547,0,9.890425174951703,0,32.15981416275186,1.2373107053980281
53.97886627879774,17.54235276611398,164.99242176979325,10.849686005391229,7.636954040942279,0.10393480293383162,0,8.723347372563545,0,30.269044323695574,1.6284081323021233
42.886907762651106,19.09163358359586,77.430194499715,12.398338171666756,6.119308415732702,0.118287367374771,0,10.30167382634182,0,20.406560319016712,1.193899493110705
44.87654439025795,29.111717933821428,156.40666256569656,15.033193341873575,10.457862517798922,0.12513922793708468,0,11.05460720108689,0,27.30461086962873,2.858141829755199
56.35904315337439,20.474313247143595,92.46123159776789,15.71541089937823,11.067033266712714,0.18815248062294374,0,7.740777601193059,0,22.995522572225084,1.2932132654479105
51.14982178632921,37.349235549410196,124.09179542040954,21.229178544223412,8.892565669481176,0.15625478231761775,1,10.075722410281557,1,23.063724209684352,2.9644180135859832
48.92337396969956,26.131023024925167,208.6033229323397,17.487719712682292,9.50538379469708,0.11980668859374176,0,12.490696311564244,0,26.50457476996763,2.3080292844912194
58.11363685908684,26.85794248956403,55.76793104349761,22.99685113650087,10.1477224775443,0.14459977836444007,0,7.922196671331152,0,21.36594201432683,0.9855725382583973
67.31231364025007,30.017751579758425,238.72100876151788,23.366245227461313,9.621380212822075,0.17578937169227343,1,13.220636463018444,0,29.776273258766278,1.572667998779125
71.53904435528132,20.94734635242292,90.39464807397536,15.775194857988588,10.66544910857917,0.12296120318155129,0,8.835494917629376,0,18.893265506248138,1.6911282036766346
55.835293662517934,23.75052167941231,44.14873590339367,20.94401573414045,9.180025984275078,0.06,0,9.745454364671009,1,23.330077332450507,1.0749810783348772
56.898113031270256,31.322707750477875,147.49250202035657,12.406679498822038,11.17200192332237,0.13815059983859296,1,12.257009863127378,1,17.04816095402589,2.629565343518712
54.56240190626611,25.16203747892318,85.1646912231987,12.389817180933992,10.594639043335357,0.13206789001353575,1,8.480633605281794,0,21.11160425727217,2.0045388163020017
39.12446026943226,20.223504552665357,78.13019487004938,11.621766878413403,5.891248238177962,0.0758922703719827,0,7.689334057466899,1,24.30987032359421,0.8673642776559786
42.49668637826717,21.221797450548568,174.09096123377955,12.440321640427403,10.073798334317143,0.09298938676764978,0,9.766723801731164,1,18.587706323574213,2.371403959675973
47.03710478630468,25.735387814278692,240.99190302602102,11.564696621000106,9.990884470328394,0.13623799609180154,0,12.514231945990806,0,20.83867685816858,1.543620742739845
47.86630899157693,40.00622746014485,37.93280924116476,17.759607550623315,11.161507568623545,0.15105065465726655,1,10.26173322463789,0,7.764363264031228,3.2383037294965886
32.91341742761564,29.388701031039922,187.65834734586457,16.246066712323113,5.662944830576706,0.07969756602415344,0,9.53270301806981,1,20.20405727933066,1.5494522918649136
66.12361973878133,23.79682792993358,241.41481442759476,18.902841588157138,10.426112296404188,0.12845336525630846,0,13.255139519317023,0,24.104971790109076,2.2229139310463024
42.772187318314764,29.33800642041032,127.3167573840586,9.891501029457226,6.868959965032248,0.12812622980663163,1,11.48574205756514,1,25.351764441210108,2.294311578876855
37.1081404291603,21.151400554588314,144.371449641434,3.0,12.026993766058395,0.10275878255684828,0,9.785771993505652,0,27.726788610163567,1.173567241083826
58.698628110975996,30.616190708392725,140.0313172677952,23.639016599159774,10.000335841854492,0.12884660471687032,0,8.679146678086301,1,27.87578249899638,2.30248565310895
41.213251048806455,23.114021480341048,137.5770727992355,13.769624566863534,5.863988929032933,0.14299655852408394,0,11.166572576612822,0,35.17494109887158,2.2942833867049126
70.80421182853912,27.221748982969544,122.20727430617022,19.589493378150028,10.998138377015165,0.16541780927146807,0,9.350347526153435,0,20.168567359577725,1.7690504417005606
51.062919956975634,31.639089711417576,88.77994742361717,22.5433523047574,11.9394452647823,0.14605789243633527,0,10.215567522949948,0,19.52340173699697,1.298571322067533
25.655271831590625,21.22308525479472,230.40704623169665,7.290718476496002,7.921628016611527,0.10471575573334929,0,13.001863092976922,0,28.450546409891025,0.8593495791342181
44.58738289141882,35.73347632641055,170.5873407448667,17.865652464721723,11.562305516316238,0.09733109537186618,1,11.734953519305083,1,15.08189722864433,2.8660546480688454
30.39037039676804,25.144809734305284,131.2514918847322,7.050702945920513,8.861848563505015,0.11074599578368002,0,9.50129337546317,0,21.167753030280984,1.5586836218577067
41.3956682993959,20.184446109719634,122.83827993307202,12.9490572052543,5.823766786548705,0.12294564638011485,0,8.802269759202202,0,14.776832343417494,1.0531407045088423
69.78702418819839,26.388765417468534,163.72401980850464,18.53980960548737,10.161610879762506,0.12512001031586806,1,8.891380822547173,0,15.764373820677662,2.839286430658255
83.25570188150752,36.01519804828471,26.984718958058675,24.417371310350337,11.398564394475347,0.16551137736397156,1,5.279369606183924,1,23.651151795539096,1.312120629530472
58.194142822661036,30.355902541893514,181.08873869646277,15.269897417865186,11.816790785525846,0.14600570877196414,0,7.2748967635313795,0,24.101934016357156,1.9140333762171406
56.20785045867848,27.10164821347874,209.71744164074033,19.929437075009474,9.859977091577736,0.092209749836999,0,13.810992751620683,0,27.022994561510902,1.2731384725702024
59.47529129579986,25.29621275756346,187.20263056570766,25.510905251845738,10.43447051587566,0.1143721504883004,0,11.934401827731655,1,25.10822168909052,1.549287892764994
46.076015364357765,19.683230164649945,75.63815315151001,14.656227144927833,7.404204906986962,0.09999437679451968,0,9.02495349817851,0,20.567427346561594,1.328660840633776
57.56171957545317,22.068457984839483,165.3581762143119,17.114896468317756,5.81497250930142,0.09108466751397803,0,7.878250236094501,0,23.77667162594073,2.4629825225215827
56.12069174942026,36.20426762538706,83.10296808665348,18.968557430455817,12.379398109074408,0.16152021562722482,1,10.95916757929533,1,9.457315991715753,2.7005990051404853
63.70732431748492,24.410298381046115,87.9457135206807,19.694606695510153,8.047407542888397,0.15579018925540075,0,7.925143291449773,1,20.113080993846914,1.5734794033143744
53.49552771621663,30.57675158958867,204.2763538135492,19.15786979032532,11.608363237440162,0.10388409082349409,1,11.159434999870285,0,31.889283825473385,1.694273842343243
54.782290574990164,26.30199171941949,246.32549097892726,16.036112102944994,8.116230092573781,0.10770526528605168,1,12.077695410433028,0,16.426080263445364,2.1581423454810835
61.23765601253785,20.31971473369783,38.50549901138502,14.600684873147836,8.319115533726912,0.13640049649615824,0,7.394035334080772,1,18.482652322674568,0.6433725515123387
45.47448395476581,18.205585189443198,25.012201852399038,14.487402137802354,7.445087201166838,0.0749603262495876,0,10.301114177395672,0,19.394263718613335,1.051463845291517
60.639650882903155,36.711883413271266,153.85155941909835,25.288957549922642,16.757787487558492,0.12859097446175236,0,11.121306425933732,1,12.912335836364829,1.8367083172589338
52.966550123474256,34.406976143190654,100.6762919591177,19.8315128922908,10.124843638213816,0.10794672316020468,1,10.363806073445556,0,20.551702772119672,2.5528791512911697
44.80878289365339,17.389100559535713,71.4717258023231,7.703435418452669,8.534701256519414,0.1133295967301811,0,7.832487429315927,0,14.200399369952661,1.9978544737081614
22.221199113440413,23.76563969447877,20.824335015398926,3.6438406391740212,7.1946581803269245,0.12173868697091378,1,7.8904334003164145,0,18.34481863456903,1.710096521880491
54.92886725302105,27.620218375743033,108.41338443338496,10.290793513514519,12.044605580970384,0.09949077642193796,1,9.275365112280044,0,15.818830022298208,2.2657332241592476
62.562085928788605,28.72124634813312,193.18781306215146,24.488154792143984,7.615036276134564,0.09885686622101957,0,7.7272770143591885,0,24.30642091799827,1.5897655908642643
41.52956913161549,24.596416527376988,82.44264246969234,18.067637890200793,7.645627217138901,0.10714889029444707,0,10.284652378811407,0,19.751091718433116,1.514018584078169
48.287285144063326,35.95777119262484,125.53721458193328,18.747562414082434,10.148013190672714,0.12279732729467858,1,11.705417634751734,1,28.444814657238673,2.2439453677225067
62.51714761150738,27.71340721028587,243.22806548813347,18.422125491514095,8.259719327402413,0.11795625873680096,1,9.900368954700651,1,24.19904488976117,1.3492952539266425
49.7946977852732,25.181374137922397,85.3859812618651,22.204500413153824,9.448118638101864,0.13501407585559594,0,9.948034669444556,1,21.289060002831704,0.8142167078118413
65.400525711714,35.54692097433094,135.7366877377471,25.960826883219422,7.649181863982084,0.06,1,10.45619225574352,1,5.690946168543743,2.5423274153012443
37.36479797682716,29.641995758160974,203.25831975284493,7.4985558872682105,10.146036917528226,0.12423396414990279,1,9.090174438136657,1,18.870743724447898,2.673665356473367
56.91272503791001,29.45349531842482,62.38552528261625,16.05788578629227,7.734116498967146,0.14247832629402363,1,10.718816218287486,0,24.49155861435457,1.7785160157180029
60.19648809994133,33.56722870840434,126.6955042324045,23.383552989750864,9.372138727238015,0.1080927272544798,0,11.043543195470818,1,14.228441624360578,1.5484763146205893
54.47573774342276,31.933482676154828,171.39546564376658,22.392240257853118,11.388645245531961,0.1522685893496804,1,10.709405676635916,1,19.304765727727705,2.684956744751191
56.99860275885196,39.25850960834296,19.19687659577411,26.70736007023919,9.545548845587629,0.09811517008947243,1,8.643996123131188,0,6.858155569115867,2.372100499272601
63.74379338029636,25.470143771967432,199.58062346687964,19.682948258511374,10.409875921552795,0.11890107838287381,0,11.607699232501416,0,36.23036978752573,1.4672093598137135
59.50413488162741,24.47916158125839,117.41143359266172,17.287768811138626,9.74907435344113,0.1343378670031508,0,9.033153411113519,0,22.564804947776572,2.4587431898716523
38.59018807204411,25.750614256871167,119.92491426460518,10.396295170201103,7.354208709025221,0.11877964307379923,0,10.590394449611772,0,12.40668457428937,1.8944204889268403
66.94571537461698,34.419655839598306,147.99738886503678,23.92958231212143,8.254873490163407,0.1508789092734591,1,8.839598038260897,0,15.624363402477538,2.4727478882529734
59.2978138115873,23.03953874241072,74.29847758626639,10.641375909970924,14.43077464958112,0.11109680961069651,0,10.246573661984321,0,24.49024004141981,0.6230848589063653
59.78431053331748,31.85400145998606,97.44974214869349,22.137459375041338,12.580503479223594,0.13927608909527733,0,10.220885702249118,1,22.21168646358985,1.1262587058254734
37.62393635444655,20.677653648800444,203.20373199168594,10.162705175981094,8.1865341741869,0.13144350706034047,0,6.323692164876095,0,22.84987019012652,2.3696767259976554
43.23967642945317,21.319654100433432,106.21476890970462,13.411645706872342,10.110423532879485,0.13811460173026602,0,6.455331117568241,0,28.561826734477194,1.0005611160026981
51.84370928592629,22.802045912113783,228.0513279588234,14.954927504076192,9.689007207312097,0.1310933573874867,0,10.962367023121326,0,29.858184831315697,0.6178184284852047
47.03525484468768,22.05838394096944,91.8712338592901,12.181608859635768,7.197968039132189,0.1309848333874376,0,8.987333984554779,1,22.794965683844598,1.6540399324232944
47.18839267876464,20.74073225918634,195.27610321439258,16.011841667348975,9.810702798479257,0.13527087123740703,0,6.767720203082222,0,30.963764212208474,0.9187677879412587
37.69914770370351,23.86839480777862,186.50842303593544,7.538049968183861,5.7395061342331815,0.12265989745512378,0,11.55179561228343,1,24.94001582307813,0.7759133383759362
67.91302919798534,34.08396298088353,45.84281119768089,23.669209372808048,7.786531970478734,0.10957144239953193,1,9.811378153249727,1,20.609661107006303,1.5343068649587623
73.04310006163841,32.139577319517194,161.30526647237542,21.664916016559438,11.468132785712196,0.12401195366304081,1,10.547746784596061,1,31.192475442040788,2.549934057212665
57.97893070625953,27.001204208146394,157.77063054865485,15.392712657062877,10.848278590929324,0.1515511542188857,0,12.50031562493571,0,13.742216644765428,1.0866191479757994
47.22433287631472,21.373864133041664,108.00675037788416,13.863540209569553,12.095414877555468,0.12354721167009067,0,7.061650366715414,1,22.767261113672667,0.6156480771755667
48.850740030713496,25.65051834068655,53.26988261793788,14.25130846425246,7.883288026932918,0.11806099728045122,0,8.919475060571287,0,26.366096392724746,1.7154075321746536
60.741056054289395,27.51734158696112,40.74672718738613,14.251806772550529,10.405205447322112,0.10720222468990503,0,10.714994862618727,1,24.322584916480892,2.4460133755082945
55.16291347716672,30.980660216576105,48.42667791420416,18.244778781514874,13.045339945109454,0.15009107301141927,0,8.978648593454976,0,23.229748341037624,0.65029621840562
53.89990296461634,25.046529053658112,69.19170650075283,18.067900503687206,10.152040692885288,0.1154709795000246,0,7.757177215031837,0,20.700163835352882,1.4773098592220246
21.272434371386478,19.648324713284005,124.91777294686902,8.67791383143686,8.598316815113934,0.11837806851122112,0,8.260660376236522,1,23.978624423305227,1.848678342676085
57.59309734453419,22.038570820610385,153.73768806415436,21.43532819077769,8.652817493234398,0.1230915445406018,0,8.965958755209488,0,28.706212391807668,1.0885492310359346
69.52873370003914,35.60538808504578,181.10795662117158,21.956682845052455,10.027541739864919,0.1419833532048146,1,12.573301009538941,1,12.183410623693156,1.8549183066060446
55.65860729281395,33.564101276911316,67.60074223185515,23.53143153027324,14.00812555731966,0.1251832928994818,0,9.824717217738336,1,23.355916892555815,1.9865159541023139
52.63883958460091,26.02180756240237,83.3096351891593,16.649518852516273,11.699269772843781,0.12920654580035426,0,8.215586565014524,0,20.708340751316285,1.141882773499826
54.130777891439536,22.51293320401966,138.1748305652053,20.93713538105665,10.00463733371691,0.13631274303010293,0,9.221454969326702,0,22.040679900592522,1.343967293271123
59.45288875788722,25.130615689964326,20.08486851574913,17.568925011485906,8.242060999810615,0.14452799439428532,0,7.917343425170494,0,11.146918012970145,0.6681711390676827
59.5158714083191,24.18931773592441,56.83064962945306,11.076268025880353,11.21289385016143,0.16465067403390837,0,9.580587723991494,0,11.985637809693817,1.3220236556398988
48.104173770177326,31.909694046548893,108.24827086727225,24.11208563420128,9.662550288516695,0.12684423536592626,0,9.431609786144005,1,19.829362417943983,2.4066733954181276
48.41055019912457,37.49351656671739,198.1104143840889,12.050880287174566,9.659443842617806,0.14183367243588874,1,11.7739074261857,1,14.849744317897622,2.902857774503115
75.2948787832187,24.470602392620414,95.38249469920608,26.38301971645523,10.694278008147874,0.1402912587058682,0,10.252003351140765,0,31.550777686278433,1.791886240219605
47.90449918818133,26.37729515431654,104.12054931713396,20.202964325099643,5.812264653469083,0.11826304573536447,0,10.466902855283092,0,29.87252199638722,2.3285646306439363
61.75216747476357,30.592251182378323,232.2918673454155,13.983959699426123,12.554255478623173,0.13632515144034132,1,15.0,0,27.521226287796132,1.661768535734074
56.227692472055956,29.755272188371343,54.07426601518974,12.827711506302784,12.792561413400133,0.10141972114379337,1,7.642794157667405,1,15.617069964236414,1.9259063865446222
40.85643298128699,19.878351999284686,74.1041594147654,10.114572561181914,9.281790171910812,0.13350901554009553,0,8.817584926179832,1,13.06684653931698,1.5846901620406286
55.749795716779765,25.737323840843885,227.31716972552823,21.29163129045004,10.333832385631506,0.1255084106959123,0,9.181307031200886,0,19.028008456984555,1.2104910938576394
40.22183280657975,26.281441889323677,169.1723905126281,11.999744866679055,7.4656304176314965,0.1448456251212638,0,10.437030150167839,0,16.091381527598386,1.804568410566957
33.59298425226525,25.329096102508537,76.91898473920803,12.43780648918787,6.694583330497792,0.11995022560810897,1,9.61980200653786,0,16.624150024348083,1.408240794433997
56.899645335819415,25.973470620141963,158.85592113711658,16.38897690911102,9.509861382294954,0.17221339241343972,0,9.01340556604401,0,23.34433277468511,0.999774340797773
76.71463079997807,25.243841886323136,52.33005889032182,26.1049444130198,11.8465254280159,0.126822102602138,0,5.975020268490589,0,29.922580185476214,1.4187919646541967
37.82014477779401,14.853241086141644,211.4116710484783,4.323036548035748,6.257712406335172,0.07507945844140444,0,12.54919835509623,0,27.722230748283366,1.1318839490343522
75.9068126380809,31.72128260358023,151.18633494062775,19.299320207523284,10.05582152585449,0.11193932334895546,1,9.318874453559674,0,23.915375598728378,1.9927054735573462
60.6908536839325,21.15797932362405,138.17395160436473,18.24850432353019,8.824444019077092,0.13732176122032633,0,7.364150592732239,1,27.623100320059184,1.307509536838267
55.80613916749322,27.592038335822576,44.31385253549476,19.40164966973667,8.855860502682606,0.12697571670992824,0,7.999462016378249,1,16.3581698007688,2.0314424503946764
43.39532667572904,19.124964987460967,205.82709256372146,3.0561829320835017,7.986884931378648,0.10126878178637602,0,10.85128328980917,0,24.116764144469826,1.2477599629977567
39.329387061191724,18.867540271874912,179.04001404149642,3.095974047861331,5.429373150522212,0.10084783601470475,0,11.824495091675585,0,25.203421980647263,2.281155012133997
52.754769109004144,29.367024455665504,113.7377890963973,12.592118670648759,6.847834097576413,0.14903015681413354,1,10.462973323678304,1,23.100622472058063,1.4942994101992793
45.81097738803978,29.389101247448192,214.1629189717183,19.34171017733101,8.22737228683977,0.14936951821595124,0,10.29704780687865,0,19.257222799264568,2.230483832761149
65.37200747051871,23.617152421161357,231.36422588906353,15.520879808205697,11.74320669569063,0.07722081829374143,0,9.674702837696822,0,30.89436738104869,1.3888636859366417
83.58392615018003,38.64223962594216,47.05345292964096,27.43409123209713,13.319220862613138,0.10087865139709895,1,9.486001160557652,1,17.943144875420742,1.7202202884154272
49.3453186340037,25.976277307758167,226.4252910856069,14.658835005569387,9.823534861619756,0.1150981576481826,0,10.67588800424877,1,27.227690068951045,1.5386352069514546
61.19681309852528,24.250621841440616,230.3796767182093,16.522817975050092,13.482679124065935,0.13137401266440024,0,10.293484201401839,1,27.351536513789117,1.5464060255636347
33.403814556314764,18.666011894624717,23.854789209076223,8.599265375825759,9.011383556321755,0.1336059174861031,0,9.604461836048696,0,11.067174638697319,0.5519323398898819
48.540854179543054,20.060501520920376,117.10221759014362,17.42264986255395,8.836446717803828,0.16885857314851066,0,10.096736507041337,0,30.567612582304193,0.7616442419988629
33.39347138073167,18.43186852908186,102.25237527005062,6.473311873685855,6.4549019254182305,0.08899659759177089,0,8.881360576272819,0,23.412599681730914,1.7208398877031938
63.09018467828911,35.71001333559265,123.99163684374923,26.549546538389656,12.883973017449472,0.08846938203079371,0,10.546611187033577,0,12.841560591302363,1.051858965934794
60.32629676797211,30.77757190119462,115.1934498213551,25.510966950577412,10.63540152469533,0.10650107802917358,0,9.360903745161165,1,29.86465420412968,1.0680601255044322
44.032716364498,26.527962381916716,124.13943942084606,5.968590358044892,6.128570522056196,0.11863269637052423,1,10.789499190828556,1,12.567860391230663,2.8117512727426828
45.2945845279812,23.541766400255547,131.72193108528097,12.24977228894848,10.140874875039975,0.11694465800195158,0,7.446516175520774,0,29.003108580271306,0.7021802133480969
55.69744776597576,21.460755757636527,46.675399546923536,13.273107351365741,11.447087857255056,0.15176106783423648,0,7.011895100762207,0,13.502752609054143,1.9662437155987496
66.57942327838774,28.283649319008624,222.7303046321098,25.69823519127887,6.474347575735434,0.15263392218850963,0,12.99590987790796,1,27.6341871284974,1.1627011968548102
36.14263285897849,28.04309247327421,172.38997017595025,3.0,9.557803676028191,0.11945954212601542,1,11.951477103448669,0,18.430545596037447,2.535100393244475
57.792218450478956,27.635694517725817,76.55956550627683,14.052728320835673,8.195009184717657,0.14947793309984467,0,8.65209946051977,0,29.51722565704949,1.4224771861897478
57.86748060860876,29.918511574320643,177.2671763950263,14.493062625479526,12.828653612018053,0.11712513064688906,1,13.598231408046274,0,30.03690539286593,2.6893585274879617
49.439988435210765,28.195456423375138,29.575786417718156,18.132885136241224,8.023731591255997,0.09820133544613857,0,9.699899368010577,1,16.88585904833381,1.2806781962145448
23.92686421664956,26.689354174362638,60.21664392830004,5.467963043305071,7.027960462594103,0.1356749355749243,0,5.88046002508556,0,15.043006406829962,1.547265418358361
68.99438643729452,23.959784015694325,181.00363205019607,24.677023107904464,8.691331766362413,0.16114775500553097,0,12.974530355082424,0,27.64078859722639,0.791741941602445
61.93899551445334,25.120101198068767,122.93888536181434,14.3431517190692,7.431166796558104,0.13971860195139824,0,9.713017080685063,0,20.35961772972316,1.910027486544411
68.3928934417315,33.9901391124615,153.355659539278,23.22079867540927,9.819360634219883,0.11698282683132938,1,8.489555595682091,1,22.534359993286955,2.48050021366896
63.62790795659434,34.74351329017083,46.77976923378711,25.741841608760403,11.28011342915963,0.11374251602072712,1,6.493500601933558,1,23.870460691915667,1.0247606297000205
53.01460997791721,21.575636463637387,16.118353473881204,19.706798010635104,8.229960978901428,0.14632495441033652,0,7.489186090124353,0,15.746073254922244,0.9883621461301728
53.621187303100605,31.13789256670641,168.53599330596836,15.653931607382898,10.943756017531696,0.13385588977490803,1,11.767432521164718,0,12.618423836204782,2.898396697358119
39.357700811339306,25.567006636117465,198.02680198125802,8.369690184542055,6.908788848097234,0.15897923525779545,1,11.67372262540429,1,24.735695896047226,1.3824861434744296
60.08139276488315,23.16633514036911,215.9602485033635,17.899107363122983,7.686973468982058,0.12215060534588515,0,9.76124748664405,1,33.86657082521171,1.29273993085919
66.3246992236149,37.23626042413753,65.83150228266766,28.280067140793896,12.643554960874672,0.0814255935987493,1,9.99337583552821,1,16.353374610846718,1.4651411861690646
36.993364866666774,32.31876532387489,71.49794619461505,16.264098425174815,9.101336501899176,0.1733668559386166,1,9.075802288515366,1,22.517916625143528,1.8191557713106965
57.45367788534614,27.261832233519346,48.144639525399896,11.057126859125898,7.785891742924324,0.16376292421465422,1,8.113400979071612,0,23.681925590454806,1.5351190380828625
59.41356039459379,35.71026167338579,18.192064612853176,12.6413923076644,11.022236819468112,0.09441878929122789,1,8.897266214479478,1,3.890245298737298,2.060700362629516
46.75436572666184,29.67057609746399,96.92077286005261,15.187563601707382,8.358394298842214,0.1537102590160823,1,8.905292049741856,1,20.828416425748706,1.8551537774881406
47.61586376764565,33.18059963863742,25.422884269407202,9.421689007429402,9.803710723382565,0.10204110273883228,1,11.286644937498288,0,6.952685938372799,2.7239688234511803
66.03760308096939,23.059457046678837,248.08295516823486,10.048766706517412,9.702965258523172,0.14730987038110938,1,12.687433797258006,0,22.667906969676586,0.9191489522194449
62.24948598170159,26.248674416465647,112.9195423082376,17.090682626625732,12.975244786155729,0.13613165047841655,0,10.93250369936246,0,15.505737483960301,1.867424374727648
67.6051596802728,27.849919566651852,114.93183133076488,19.010888831304737,12.003068989667229,0.16574234094656978,0,8.778143578491097,0,32.657981462497155,1.4734853457858186
45.22577983353294,23.41463001567039,67.84242832571141,20.06459775047212,9.296195225740124,0.12893585500484434,0,5.037412920629797,0,21.369169763589333,1.7122852591705313
67.63757203982631,39.88253056696198,154.08847031463657,23.637301970941845,10.660741551061715,0.1120242879452572,1,13.698672265731805,0,18.839548553267278,2.588635224874728
53.92953886460759,28.485017125288465,190.98370919395833,17.195091651691232,7.771432426708969,0.1577807419548877,0,11.195282391002662,1,24.429578793542692,1.4194807149928597
26.16649466193404,25.319327359255144,227.40362637226983,6.542507385017945,5.055020020645907,0.14946222307499824,1,10.29797130934827,0,22.73951652427817,2.525459171239676
50.91112321402549,27.32476775681596,215.6725590434116,24.406148038563707,8.655821456154039,0.09371303119450758,0,10.306026313398881,0,32.14152111108296,2.2583383864358906
55.429852344319464,17.980097169087742,227.51568096254147,10.760883669450031,9.254432446783603,0.11050970352392814,0,7.850230941585084,0,20.98849019856766,1.862765325814959
65.7340557599534,29.212913026300473,225.45505896360405,25.378998645284675,17.1345108737425,0.11985951734605865,0,12.661508789206428,1,24.535196419740675,1.6093614805579872
54.614623186632635,36.06825923299465,146.7829304302329,18.947955826147677,12.314850956511005,0.11048874036113472,1,9.555879158829034,1,23.67505610639373,2.883114115872977
76.7900874140991,30.082571046190115,164.6507049287373,22.059826675816367,10.850013506087238,0.134589830077347,1,10.149862571477753,0,32.20757007484297,1.2712449049637673
52.71125898032312,35.389832536091546,165.28678291284064,19.369019081910817,10.631259442449299,0.09678006088955043,1,10.371846090873635,1,11.700889746694633,3.0496180169696743
52.25984771572458,25.59068017884332,174.72434250546058,21.396640159906344,8.5887096531698,0.13964608096970113,0,11.585095704945038,1,17.240576247803293,1.2775880898042886
65.24077724325518,23.8154385926939,35.402764303538696,20.254732428642374,8.93199393161228,0.14031819396623096,0,8.47362649217195,0,13.269520822638416,1.369234177958522
49.95718550048893,27.325158040259463,223.6172526167154,20.150458587880145,8.079230834229783,0.15715952077769874,0,9.020586895022134,0,22.44111865841422,2.037482660571695
55.67448318714238,32.465379111649845,104.67003140770017,18.676688794140752,12.93797503549818,0.09093161368448038,1,11.160743068209658,0,24.28372015874302,2.72135805809551
61.367319250983336,30.852420975779847,163.64075541189268,22.356641030246454,11.571882145798464,0.16810262295228934,0,11.686663114607002,1,25.073947035643673,0.9928774819223362
51.86489036816434,21.850799658470958,85.03259981829129,12.352809057041698,8.749805643716867,0.1361065760617142,0,9.284845204457895,0,15.949559703375167,2.2750865932417637
45.784155804046954,36.61076773634454,110.18210797327782,15.767465768147439,6.607556058711442,0.11646165436149714,1,10.479993042504363,1,13.745716067569674,2.376341790362112
52.59868467361306,20.913790012356458,232.63330501335295,13.234770112683293,7.137971512603253,0.09860243952301842,0,9.375007003174867,0,23.701865226769588,1.5309422804021224
38.691548354276485,18.56941153034969,249.7304315882906,6.813754204053165,5.677667178315584,0.13384958706091368,0,9.711260623067279,0,31.445300307719787,1.6270006399896138
54.09332489418173,27.926621569488457,108.52314249160881,27.747729323200772,7.351000024005966,0.1026150426344616,0,12.256428586724951,1,21.73279617429305,1.9436079860227828
78.44644630807885,34.74110924493833,123.93957499345875,25.145221144412226,14.060928824909302,0.10350472385844324,1,10.62155943482781,0,10.748763923016604,2.749124173633022
59.27162570063589,33.33177410016307,175.40990334108122,20.01765655516389,14.528692291277268,0.12424336538184859,0,9.596617392396677,1,23.120679835052076,1.6599294081732383
49.93913376320771,26.26083779017604,61.21307376055346,10.550022225371768,8.887589028139262,0.13111139139105324,1,10.649757766257968,1,13.482494468714908,1.6271052735057416
43.10938625212326,13.803734324612329,234.26935800890763,12.244026855598424,8.956823246100834,0.1001030079463966,0,11.550407024504054,1,33.06428366097799,1.210953785993033
47.50074425768632,24.44754201027521,218.0868741174591,11.62618105305414,9.299499777559127,0.10964391369000362,0,10.902494453603577,1,20.6625612799318,2.8527986190211947
57.65615684880178,33.61891627563388,206.8630392969193,18.39747139507796,8.598717056598984,0.11870030891680833,1,9.472664003667601,1,23.559756066055133,2.481385205162576
52.997480883845014,29.22783299140966,221.17115119511908,9.722480141905992,10.121228121911159,0.12188667809169292,1,12.066535486529382,0,24.6650737604879,2.066892621251271
56.95144126145925,32.19010088178353,98.38602335468032,11.025982960703727,7.618796308340247,0.19007118379312923,1,11.772017619598861,1,17.461241300520168,2.7929412208433835
54.31136062424069,31.690376827800897,246.4607045586575,14.755249777460403,11.398216669774797,0.15737797679876786,1,12.788626717360314,1,19.344252126755215,2.9725049411641438
48.83920141679112,19.63860878377826,149.74301221253356,12.601679669476685,8.868239970624382,0.12651844745853338,0,10.392798957715554,0,22.977334568516394,0.715640398406597
57.16493294049907,18.894833181846472,93.27425054230852,12.975999525953878,9.327876783725428,0.13406339850555266,0,9.463383353665668,1,33.86905737236174,1.1413888578637816
49.25220197369554,19.123041636518654,216.80404121194883,12.055780734967978,7.96354513181316,0.1434532128429443,0,10.458310030181531,0,28.46816389786496,2.131842464010312
52.02462636477772,30.814754577131783,74.26700563994491,12.667725777645867,12.178470909083268,0.1098576911517397,0,14.143987246231186,1,16.45031711264823,1.3968762696323225
80.86223067439853,26.429318980265577,85.6220001243514,27.78168057065168,11.828580037181416,0.1099367407566023,0,7.443733789218349,0,15.987628458445954,2.0618231138714265
68.29265892773525,40.23275199584153,88.37784283236151,22.305557470239513,12.134649820581426,0.14638094698897472,1,9.502027381203796,1,19.75313997453943,2.6056296653249076
31.648035695958747,21.673644505623116,243.03792931341562,3.405908005691632,7.757092205987871,0.12217031031234157,0,12.260418050552456,0,24.516447067368297,1.9973296512485246
39.55302550547358,21.539310017293634,212.13473735088783,11.377504439018109,7.12747565743011,0.14663240759826718,0,10.794212173066137,1,38.604160196373584,2.0719339660490323
65.85672462886718,23.650626194348597,33.61978017993266,12.144561995239474,8.213738577918228,0.13486536494343676,0,9.506977631372692,0,17.99829315493054,1.0594852333705513
61.01953104459111,21.164544341477956,26.368336550227294,24.33949272576755,6.228498415098248,0.11199273124680342,0,8.12048731817044,0,23.84061712170893,1.4233530459930106
66.98950596934813,38.20335952315956,63.621214068356544,23.72254247733411,6.1820511290584035,0.10536057193976317,1,10.188444621389964,1,8.282173057078525,2.417119857507289
68.42094627569097,26.474259866724342,232.26010030399883,27.180630652348924,11.096139625976587,0.09680323132983634,0,10.172146584827157,1,31.686763704618848,1.64011804409206
67.65728794175098,32.45699272060006,219.59899593586317,18.03446001295533,9.60057558195275,0.13993364067378197,1,13.102938101659824,1,29.14199288654541,2.6226219003005635
58.245317895386826,28.718979812551506,115.75229811073612,15.62546619395157,12.846367456059166,0.16495070387419786,0,10.215458746358324,1,20.77706122678629,1.5045974996196567
40.43764696166228,33.30679190429397,82.4525805334132,15.912426542248669,12.328998559658169,0.12891324481283695,1,10.731618930664762,0,17.09714714780183,2.8143961835370406
74.27728360946823,31.807371962394548,55.24660758922957,24.114660623428705,7.268102236522443,0.12308201881785343,1,7.536207405201053,1,1.0,2.700620658450973
28.343794314841553,18.684571048987667,44.3873426777695,10.634128195855087,6.916105695516387,0.14899057948744027,0,7.959849505816452,0,27.67696688370066,1.4687993381082223
45.525095020423194,18.45551956519018,204.80402322564098,8.132439288101445,10.86691340209077,0.17562725144977956,0,11.047180116878405,0,16.5627052889168,1.0905103560944172
60.29411157038636,34.626735730207756,210.58414347285077,23.87734928816584,8.722218563314442,0.1477205983201153,0,13.733255028095208,1,23.319404148774247,1.4219006004918195
59.320119684199604,36.82054094795833,198.80887897278302,17.23494508598397,11.234510650595778,0.09575387412657882,1,14.058546429710415,0,13.947012690766467,2.0503631906519404
38.61079964914998,22.175102550967498,140.59658083605143,9.503290111314541,7.281858122700564,0.14408537044805017,0,8.002701150082792,0,19.920651293607712,1.7803872416277848
53.50219212303503,27.436793035522957,27.37428747299953,14.994374531621656,8.484083294127974,0.10572305966160442,1,7.6617939033686495,1,24.80193280044122,1.1423876992836184
34.013375490076356,26.917874204089923,85.76354305151519,19.200747184034576,6.091445478421464,0.13549252545362014,0,10.786671735191186,1,21.006366269095302,1.9202393802674935
51.55403312811433,32.85441275159445,221.66860438667496,21.38830245472362,9.801543969915121,0.11872059094184463,1,13.918922028824795,0,11.649524153937389,2.06140289297409
39.2128025039216,17.021486764819947,121.95199467510672,3.0,5.149688480262499,0.12106318866710424,0,9.681723550452126,0,23.991719413878148,0.2735912230085771
55.666725507280326,22.633450797528482,126.1732748812789,18.734357106851057,12.117079004894658,0.13899162006771465,0,10.391103785418132,0,21.405233072226984,0.8998495302808766
62.04248033005523,39.034178031849706,23.405970893691894,23.940819872102303,9.603490220835992,0.12706305520923855,1,9.901847869698507,1,9.589070557568093,2.9900652626058095
44.39407313987648,27.467669030929567,96.40058749045414,17.356872884346647,4.780757133884953,0.10304665122807113,0,9.521466534749505,1,27.713781997910935,1.8433037812877593
44.26446563490295,35.704950438828746,215.68924655459338,8.934481518785073,8.23581803121996,0.1394894999975693,1,13.040745865164437,1,10.950391703892496,3.2175860169259165
64.20979499809718,29.10224801216395,217.72977603975707,15.782885950026738,7.163304277277849,0.1480555603425078,1,13.225475656848884,1,27.410339265447767,1.980165618977765
66.91002236293474,31.424722386342854,86.9082940058679,16.467481248467426,11.023882845423676,0.20023373517031814,1,11.036670305415901,0,19.247245925635426,1.7018168723557512
66.48698539006122,34.76169995901729,145.11460990767418,32.81768645871296,11.292386173772455,0.13332091427831586,0,11.09487259225436,0,18.268835832041436,2.893181059196933
42.61214327282784,24.52685275234674,196.41610602493003,8.637282059837075,9.836747846219154,0.12217650359014695,1,11.576916282517724,0,28.29716115072431,2.442158336145821
40.250881461423866,20.322590771307173,68.20719316026978,10.042235958582236,6.515704660177912,0.150479108765596,0,10.210005683358963,1,27.47081149002466,0.47679382353475785
52.455489512178715,34.03033045134924,173.4472413378571,18.146755399040956,10.52385140279557,0.13837205592189808,1,10.476562533955395,1,19.717961372332244,1.8966396217382682
59.500935616782556,32.920218156165944,93.95893492246246,12.797387372882888,7.282396304257574,0.17886739939468083,1,10.841734462638952,1,17.735876502613575,1.9171309418465061
44.571632474502785,33.34711865193801,207.3978398064379,14.626333251301817,7.436466993010843,0.1465724395566677,1,11.56114837490675,1,23.269028865434677,1.9102451665453368
66.45912719435806,19.086762709351866,17.679116404060075,10.688840964722695,11.118423564981224,0.13769643952459976,0,8.163100784175759,1,22.654942391008454,0.8282353940073555
70.2636298207373,32.669767570180795,202.38223772319975,16.179363894109912,10.839233380153443,0.10772619386903853,1,13.24469064083442,0,27.526521483755786,2.8990133911438383
47.39135989237218,23.577612868863646,154.301813122334,14.069063787341246,9.489941064087228,0.13732797112605605,0,9.676066000866749,0,20.492792514287487,1.534541299012688
56.36503140785558,36.06740894209287,200.89823418537102,19.772458609954157,12.39060743100478,0.09047729555839339,1,11.202907171725393,1,23.948729493881487,2.453812807040784
14.179357331983176,22.64056248095881,217.36048721445013,3.0,6.828459136703952,0.13136350596016816,0,11.678579265618698,0,17.986343728334077,2.2735447097644528
66.40170443394052,22.6582461872022,233.62536015076822,12.918235912679947,10.742719628244819,0.15759787547719015,0,12.284799527528078,0,21.031315750271165,1.353584751983493
32.45158540902949,23.121008874288805,138.99789399084494,6.48854147385765,8.624176240673131,0.14844675740956823,0,9.326199307939941,0,15.988996165549006,2.035358177923669
31.759896560162566,26.84633326214349,75.55033559013947,8.602752349793048,9.3326990276456,0.11168448805931899,0,8.854672677631486,0,18.040256556031277,1.678771846741199
33.88190438374649,26.667365185193916,145.45873361923907,5.864190670320628,13.612253618857878,0.10931016624964092,1,12.251664961839532,0,26.00209965443169,2.0340920593001925
48.03537381612151,22.7346286775197,139.03096714858742,7.171626463163934,10.189942261070083,0.13468914499650075,0,10.765468735405856,1,27.44076934704818,2.0654132084051007
78.9666395315225,32.97017693083828,94.2030888327642,22.89542333416546,8.549343988174645,0.16135285752326745,1,12.880249865578506,1,19.926856854595595,1.749366948607923
46.26003361543831,27.789024679378453,187.42704463002187,17.050352504257262,7.655883381124804,0.14025598325184355,0,12.856309000105982,1,27.200327187506204,1.4218773046187763
54.46226589874019,23.85974211276445,101.25538788720823,13.85856719343426,9.259607966102612,0.11906340510022506,0,8.314272841687135,0,9.869130078831416,2.2492311136666476
47.71423905592522,19.84441484140584,74.58878450667021,10.834466177191223,7.365972858205503,0.13077526766538997,0,9.248530934776822,1,30.253415007660774,1.1931178152971913
50.85239068890496,36.359937914450015,125.59328932021558,7.489032815051685,8.517906708442734,0.12759882414709184,1,14.617851817301965,1,19.803322508665055,2.075694906317812
53.31859651571911,30.817813040951208,58.790629079574614,11.94571401208652,10.362782472142506,0.08380475010661381,1,8.820734410287349,0,20.93872292209842,2.5179527845919454
30.633552019111512,25.211368443534727,221.87021030033802,7.804360064381051,7.0654391553854285,0.09102112475622438,0,12.537109977346534,0,26.18643733307607,2.2811119078159
26.536843481198794,26.56643518944465,179.61787613923553,9.388428286325112,5.707628280305208,0.08648118805134142,1,11.883773819012648,1,17.971293023725945,2.0853719498998373
45.65332774919527,23.96026477245735,193.1332626380121,11.300844905835035,9.961975514077949,0.06487707075331467,0,11.088185058005646,0,22.869250825710076,1.4147592992271447
54.74738677070724,30.067064134139343,57.8862013066502,13.943175819816654,9.167727735382194,0.1332275915401836,1,10.758328042641136,1,15.342637649913392,1.6275529173273384
48.35178267802365,33.74287444130967,232.0768999402868,20.61557258316036,9.236329995964356,0.15160580180834465,1,14.05530853849684,0,23.750085118963536,2.827860398416587
52.13313515125594,22.012022084836396,168.90953493023693,17.947057893804416,11.379174585767595,0.1275451656557214,0,9.57160224510874,0,24.550584730592917,1.3086608298873164
54.773871050908916,27.309801179434128,236.88064219995613,20.999653154517752,8.930072313399613,0.09938817539449482,0,14.153435798651373,0,15.169458356556182,2.030816182521269
44.79265689905522,25.766969110925963,122.3811798351627,18.710851241043716,9.6954142846049,0.13863925265333682,0,7.872568623046002,1,25.97234717754846,1.7289456928184241
41.639642152441986,21.46819062481405,203.8295445889241,10.036438786750878,10.041659437235761,0.10170452304768662,0,11.994106061250102,0,20.57267159346921,2.0733830110574107
67.69256090991688,33.68757223095622,149.21665697304184,25.53881294085129,8.703949199582475,0.17091268167091864,1,10.212616742838463,0,8.97083262690445,2.9658294944195394
25.621085672739135,14.840452907422854,220.76810175849192,3.0,6.628608176063107,0.12923207640029458,0,13.1937482664161,0,31.714860142511004,2.2977778081121407
58.95467746321457,22.847160377296603,144.61025971877865,6.503562266065703,11.07844133551222,0.1220554280950398,0,9.116710744279867,0,19.058824472158673,1.7118642510455366
63.30155731103778,26.30361144129614,55.29737400746535,16.200711271433242,12.61860010890157,0.06056183570029612,0,9.502289783672452,0,14.454877236035948,1.6452270215707507
56.188043650184696,32.254341173532154,110.43406883107838,13.503388745448579,8.112759422121352,0.15664068468283765,1,8.985787279593536,1,13.215770473886867,1.871416677785266
61.66912110610274,24.09380547293048,218.98237940265756,20.817410261960113,7.76253779425611,0.138205885525848,0,12.027422898201554,1,34.50720348669847,1.483487118782452
43.42196814810705,28.414394931063306,134.6972704507578,6.667280531379815,6.877928732184817,0.16557749879163286,1,10.547245509281185,1,21.880931666159743,1.9692382691639527
57.29862653421941,27.884598252019536,171.18215112995992,14.073723586717865,10.885408186997896,0.18628956656616616,0,14.63973208098382,0,15.978128114154194,1.366402913179908
44.943558978348236,24.010781304811427,207.6499304166664,4.958571957828685,9.17585353410635,0.13021106343543082,1,11.792162545395728,0,27.734368986610157,1.7331167629856963
69.9757713520188,25.09187544963878,34.12604101845629,22.55167958506855,9.823337918434351,0.08416738664638107,0,7.5071293299961175,0,24.563872920695832,1.1799736780919738
52.88334926871464,17.831388018985646,216.15200238052168,18.743616765583123,6.960160244722934,0.08238758989610762,0,10.114732608605559,1,24.15171061357024,1.0622352290735453
48.507633548321365,22.740469767074433,75.64534599544047,18.698251703156856,9.467424208756015,0.11561934069023778,0,10.935179296097113,0,11.2379552651223,1.3173006135768874
49.645838105949274,28.818612378683323,222.94702115467038,14.561570365848901,10.283300067429439,0.13826834827275306,1,12.008906865422832,0,23.86441441874934,1.652629073107824
63.040707512722534,32.94789888078751,125.36384163313946,17.79016947750013,10.722277669055694,0.13206093241929878,1,12.429808439640954,1,13.440805297423177,2.3148644648615595
52.292087213868726,15.940166225358292,213.94801867143946,8.561813352223272,7.256113847620263,0.12557211993585937,0,10.15144140427492,0,28.41317324118849,1.013845868108248
41.385298804811256,25.08582896226402,201.80286179018046,5.478588377059879,7.101768295054467,0.14640940481264736,1,15.0,0,17.073565874913623,2.2017494735209358
55.79412063652634,19.008769727914625,104.87722150042569,15.934883482960506,8.954794612473572,0.18854966858830322,0,7.603354533668043,0,19.248504853495543,1.6093965451690275
46.298793124682994,19.054527498446305,204.33989159470494,9.600605523410298,6.936474658084034,0.10700142426165538,0,10.54653645776122,0,29.150278899185828,1.38981221743869
53.105894821614356,26.236889082996438,192.55272166333887,13.021267933659015,10.305302764439482,0.10519482086391468,0,8.80996358192479,0,21.26232195059866,1.9392012891698698
51.9488400847521,28.249302301679904,156.33250314528058,18.09060042491518,9.249047315379693,0.1646522246272309,0,8.706474778914055,1,30.12210178877602,1.3157807726485602
74.64953485996774,33.116301370390346,174.4522314304324,19.535049105904477,11.862611681832513,0.14463389585502867,1,9.402431878802275,1,18.62881242295828,2.058911810305353
76.38548559190028,35.02058071026376,102.92325564452887,22.01826248928416,7.224780597531344,0.14775836148729699,1,7.784347235114548,1,23.51507950764593,1.5800174303502572
67.70290398874403,20.552634474800787,211.9086227224821,15.993627522572606,10.669527970024115,0.1827083066116322,0,10.997317881272258,0,24.412483948417083,1.9771077212025885
69.75211120440085,27.211951819932587,33.93013897533095,16.841284832070325,10.683453322377192,0.16600008588052115,1,8.194154581239088,1,14.08625247266044,3.343946316799949
47.07214012891295,25.256810346611886,177.09645124723406,12.190481751530356,5.941539527696516,0.1098703001513574,1,9.551297760091419,1,25.579783755008712,1.5401426074395923
54.46713537427339,25.44354139434303,67.88047702146906,8.76423725129561,7.052411715965358,0.10792193004528097,1,8.296230484073675,1,14.527399648191532,1.8498025460342782
60.55401829093781,21.435277604807958,107.80757007118666,13.191647535887615,6.906976429057243,0.18316375195001622,1,11.053946674205342,0,22.39551629368822,1.6933507751987604
78.02668340428517,23.95329071857202,151.11252633397186,20.273745384979236,12.744323862032799,0.13774584113375432,0,9.270803815277741,0,30.66635617385814,1.0559038052835024
42.459485236972654,30.836453247685508,70.25910779642953,15.707650587258449,9.995384543671818,0.1332033104940005,0,7.738617712086981,0,25.46850080039258,1.2596618647886995
39.44239882150602,22.739247221035626,122.63265947706986,11.653416998099978,7.330489887910138,0.15603514926088816,0,10.37199996401443,0,23.296810650602012,1.6259702858314709
58.3866451431885,34.20367344038325,173.29227699130809,20.709694455960935,11.193213071127897,0.12820926404565294,1,12.876751289855322,0,21.989170732070985,1.749518034207333
59.42551506574904,37.65576112220921,172.39430559591514,14.91616856763586,10.923184312413872,0.12102294670789232,1,9.431854979784,1,6.9187599297920865,2.9882332759952153
66.51140487791211,32.790478725749324,226.40647926770495,21.612042735948467,11.851031814326992,0.12904377150724047,1,13.333435344378277,0,23.71268364801388,2.4251777950452285
39.606512258510094,23.984314181580245,87.22321629542976,11.712115190023185,10.460952861542419,0.11470203786061169,0,9.415662547096032,0,11.945452911515261,1.8708147753702087
52.46456002886873,27.096145628625578,126.73978714274139,17.703739710058148,9.236765852360634,0.13790821120522467,0,14.736052896804338,0,21.928145911484865,1.8197492970992795
42.26338263141262,20.308819954348404,179.17006938469675,14.519287391924113,6.892942758561225,0.1451242309482778,0,12.533427124268732,0,27.661814563269424,2.392601572133222
63.91520061917378,30.06881426966621,64.00580497815167,17.942757865039663,9.973073617304738,0.12694170120714152,1,10.351294096726534,1,20.03804348194205,1.4714393791943807
58.50653237763624,22.43230497443271,206.12520294901967,14.725396611985,8.595022940442837,0.13071222984925718,0,10.47128435212101,1,22.866379194388706,1.4868075418000855
41.88115711964445,21.258819168715156,225.45736649103213,3.0,8.41464303520371,0.14978556386724307,1,13.398200327639582,0,18.43995589909983,0.8954819884325111
50.43218260767628,28.16975726959837,190.2391693756381,15.750897229780803,7.3942981608973435,0.1252192366452332,1,11.252522904269068,1,20.198006952104706,1.8519574067673021
52.752962569662145,24.974980510437465,39.443279723266244,17.701700379357792,6.6229296345739,0.13221510001467557,0,10.337758369999754,0,15.971411235550267,0.3540088015934917
43.34192289128135,31.242271751127127,111.33714514984865,9.960027579173094,10.458593011231722,0.10738797433328992,1,8.71463707638691,0,16.684540888434206,2.144765432942977
57.87335311444582,28.009593906020083,240.66487865752686,16.14491713447558,6.670198542346556,0.1435845221463093,0,11.366100143763076,0,20.06851173829358,2.1257885586370335
65.88220063050402,31.019551286418267,244.0688531466961,19.472474826252796,7.774871916311317,0.10366774136235901,1,12.896958048057115,1,22.796126475007657,1.6281792887559283
53.85823348169585,30.63107042499231,150.5497808196327,17.95207214623782,8.983105073634457,0.13371128760042483,0,11.99334507616499,0,7.118757177498125,2.0426976533619996
48.90469241699186,21.25794979254569,26.516362785404553,3.501858795407564,5.773223289392171,0.10882902942399394,1,9.942245782672106,0,18.528895018339302,1.2890634320364027
57.86419789774467,35.50045909414506,236.13533719023494,22.643546994920015,9.262617562962044,0.12439740759484866,0,14.19914545527115,1,30.941457259214037,1.4757886970337406
32.27543603713633,31.815752460581074,125.61911577327305,16.797828849914154,10.300861993278126,0.09916334776620174,0,8.539944303219697,1,28.830346375849594,0.6631308643392242
54.17108248057706,34.2559730206809,69.51904384304983,15.611847218643517,12.98845929846112,0.11151657138074632,1,5.938134636011682,1,16.72186048308205,1.026401120689933
41.43799058721839,29.32934562177681,186.62646310451606,13.223290666092538,10.024138971196722,0.1205762613906315,0,9.613684042565424,0,24.879002724168195,0.8933051387863141
69.60229377583528,23.098717495318898,89.66371235148833,15.149204233394947,6.508080963134283,0.16892249950583765,1,9.87005328802056,0,14.404790433085985,1.928008488071141
60.411391096835175,30.233884298175546,194.55001251564522,20.503848715046065,9.405740384219904,0.17895284565134947,1,12.551302493803075,0,21.620319680878495,2.3288526674194476
56.15960131834046,28.842965953245496,139.81381789690136,20.59544976454931,9.279710251341939,0.1352389956221942,0,11.916286318157724,1,22.641736854276814,0.9355556423119645
47.28777088651385,16.4563723845954,75.52183126926828,7.53913423571095,10.589561760208184,0.15056438270152586,0,7.837120661686585,0,21.62563079722644,0.9506308335497979
63.532237981860085,29.04255243029505,162.37705366818477,9.265707671954434,9.869258677067396,0.14327660763609545,1,12.738057023410835,0,18.910235413409875,1.9922642442133305
48.09142586747432,30.277614921132862,193.86884954140868,18.56783032204952,9.532632123716809,0.1358902542272307,1,11.803467204751238,0,29.851323872869955,1.5229914681017205
